{"stats":{"minecraft:used":{"minecraft:sand":6},"minecraft:picked_up":{"minecraft:sand":6},"minecraft:custom":{"minecraft:jump":135,"minecraft:time_since_rest":4695,"minecraft:leave_game":1,"minecraft:crouch_one_cm":818,"minecraft:walk_on_water_one_cm":588,"minecraft:sprint_one_cm":19349,"minecraft:play_time":4695,"minecraft:damage_taken":20,"minecraft:time_since_death":4695,"minecraft:walk_one_cm":9959,"minecraft:sneak_time":276,"minecraft:total_world_time":4695,"minecraft:walk_under_water_one_cm":593,"minecraft:swim_one_cm":2939,"minecraft:fall_one_cm":3957,"minecraft:fly_one_cm":31195},"minecraft:mined":{"minecraft:sand":7}},"DataVersion":3465}